CLAVE_ID,PILARES,ALCALDIA,ZONA,MODELO,EQUIPOS 8GB,INACTIVOS,% PASTA,MOUSE,TECLADOS
069_NT_GAM,100 METROS,GUSTAVO A. MADERO,NORTE,HP 705,10 / 26,0,0%,0,0
060_SU_XOC,16 DE SEPTIEMBRE,XOCHIMILCO,SUR,HP 705,16 / 26,3,0%,0,0
249_CO_VCA,20 DE NOVIEMBRE,VENUSTIANO CARRANZA,CENTRO,HP 705,18 / 40,4,0%,0,0
128_CO_BEJ,8 DE AGOSTO,BENITO JUAREZ,CENTRO,HP 705,1 / 30,1,0%,0,0
011_IZ_IZP,ACAHUALTEPEC,IZTAPALAPA,ORIENTE,HP 600,10 / 31,4,0%,0,0
153_SU_XOC,ACUEXCOMATL,XOCHIMILCO,SUR,HP 705,10 / 40,0,0%,0,0
151_CO_VCA,ADOLFO LÓPEZ MATEOS,VENUSTIANO CARRANZA,CENTRO,,0 / 0,0,0%,0,0
010_CO_IZT,AGRÍCOLA PANTITLÁN,IZTACALCO,CENTRO,DELL 3060,10 / 31,0,0%,0,0
154_SU_XOC,AHUALAPA,XOCHIMILCO,SUR,HP 705,10 / 40,1,0%,0,0
134_NT_GAM,ALI CHUMACERO,GUSTAVO A. MADERO,NORTE,HP 705,15 / 40,1,0%,0,0
241_SP_TLP,AMPARO OCHOA,TLALPAN,SUR PONIENTE,HP 705,20 / 40,2,0%,0,0
198_NT_GAM,AMPLIACIÓN PROVIDENCIA,GUSTAVO A. MADERO,NORTE,HP 705,7 / 31,1,0%,0,0
144_SU_TLH,ANA BOLENA,TLAHUAC,SUR,HP 705,30 / 40,1,0%,0,0
303_CO_CUH,ANAHUAC,IZTAPALAPA,CENTRO,HP 705,14 / 14,2,0%,0,0
215_IZ_IZP,APATLACO,IZTAPALAPA,ORIENTE,HP 705,32 / 40,2,0%,0,0
208_NT_GAM,ARAGÓN II,GUSTAVO A. MADERO,NORTE,HP 705,27 / 27,0,0%,0,0
168_NT_GAM,ARAGÓN VI,GUSTAVO A. MADERO,NORTE,HP 705,10 / 30,1,0%,0,0
169_NT_GAM,ARAGÓN VII,GUSTAVO A. MADERO,NORTE,DELL 5090,19 / 19,1,0%,0,0
018_CO_CUH,ATLAMPA,CUAUHTEMOC,CENTRO,HP 280,24 / 24,0,0%,0,0
073_CO_VCA,AVENIDA DEL TALLER,VENUSTIANO CARRANZA,CENTRO,HP 705,21 / 21,0,0%,0,0
115_IZ_IZP,BAMBÚ,IZTAPALAPA,ORIENTE,HP 705,10 / 37,0,0%,0,0
104_PT_AOB,BARRIO NORTE,ALVARO OBREGON,PONIENTE,HP 705,10 / 35,2,0%,0,0
147_SP_TLP,BELVEDERE,TLALPAN,SUR PONIENTE,HP 705 (13) / DELL 5000 (5),10 / 18,1,0%,0,0
024_PT_AOB,BELÉN DE LAS FLORES,ALVARO OBREGON,PONIENTE,HP 280,9 / 40,0,0%,0,0
103_NT_GAM,BENEMÉRITO DE LAS AMÉRICAS,GUSTAVO A. MADERO,NORTE,HP 705,10 / 24,0,0%,0,0
007_NT_GAM,BENITA GALEANA,GUSTAVO A. MADERO,NORTE,DELL 3060,0 / 32,1,0%,0,0
078_PT_CUM,BENITO JUÁREZ GARCÍA,CUAJIMALPA DE MORELOS,PONIENTE,HP 705,10 / 40,1,0%,0,0
131_CO_CUH,BENITO JUÁREZ Y EL LIBERALISMO MEXICANO,CUAUHTEMOC,CENTRO,HP 705,11 / 17,0,0%,0,0
252_SU_XOC,BODOQUEPA,XOCHIMILCO,SUR,DELL 5090,30 / 30,0,0%,0,0
087_CO_CUH,BOLEO,CUAUHTEMOC,CENTRO,HP 705,14 / 17,3,0%,0,0
199_NT_GAM,BOSQUE DE ARAGÓN,GUSTAVO A. MADERO,NORTE,DELL 5090,30 / 30,0,0%,0,0
148_SP_TLP,BOSQUES,TLALPAN,SUR PONIENTE,HP 705,20 / 40,2,0%,0,0
218_IZ_IZP,CALMECAC,IZTAPALAPA,ORIENTE,HP 705,18 / 40,0,0%,0,0
123_CO_VCA,CANDELARIA,VENUSTIANO CARRANZA,CENTRO,HP 705,24 / 40,3,0%,0,0
264_NT_GAM,CANDELARIA TICOMÁN,GUSTAVO A. MADERO,NORTE,DELL 5000,40 / 40,1,0%,0,0
037_PT_MIH,CANEGUÍN,MIGUEL HIDALGO,PONIENTE,HP 705,0 / 40,3,0%,0,0
022_SP_COY,CANTERA,COYOACAN,SUR PONIENTE,HP 280,8 / 40,3,0%,0,0
120_CO_BEJ,CARLOS MONSIVÁIS,BENITO JUAREZ,CENTRO,HP 705,5 / 20,0,0%,0,0
219_IZ_IZP,CARLOS PACHECO,IZTAPALAPA,ORIENTE,HP 705,40 / 40,0,0%,0,0
124_IZ_IZP,CARLOTA BOTEY,IZTAPALAPA,ORIENTE,HP 705,15 / 25,0,0%,0,0
261_SP_COY,CARMEN SERDÁN,COYOACAN,SUR PONIENTE,DELL 5000,39 / 39,1,0%,0,0
177_PT_MIH,CASA AMARILLA,MIGUEL HIDALGO,PONIENTE,HP 705,9 / 40,1,0%,0,0
114_IZ_IZP,CASA DEL PUEBLO,IZTAPALAPA,ORIENTE,HP 705,10 / 40,0,0%,0,0
201_NT_GAM,CASTILLO CHICO,GUSTAVO A. MADERO,NORTE,DELL 5090,40 / 40,1,0%,0,0
055_NT_GAM,CENTENARIO,GUSTAVO A. MADERO,NORTE,HP 705,10 / 19,1,0%,0,0
020_IZ_IZP,CENTRAL DE ABASTO,IZTAPALAPA,ORIENTE,HP 280 (28) - HP 705 (12),10 / 40,0,0%,0,0
286_IZ_IZP,CENTRAL DE ABASTO II,IZTAPALAPA,ORIENTE,DELL 5090,20 / 20,0,0%,0,0
077_IZ_IZP,CERRO AZUL,IZTAPALAPA,ORIENTE,HP 705,10 / 27,0,0%,0,0
027_IZ_IZP,CERRO DE LA ESTRELLA,IZTAPALAPA,ORIENTE,HP 280,40 / 40,4,0%,0,0
093_CO_CUH,CHABACANO,CUAUHTEMOC,CENTRO,HP 705,10 / 25,2,0%,0,0
265_NT_GAM,CHALMA DE GUADALUPE,GUSTAVO A. MADERO,NORTE,DELL 5090,30 / 30,0,0%,0,0
108_PT_AOB,CHAMONTOYA,ALVARO OBREGON,PONIENTE,HP 705,20 / 30,0,0%,0,0
149_SP_TLP,CHICHICASPATL,TLALPAN,SUR PONIENTE,HP 705,5 / 20,3,0%,0,0
307_SP_TLP,CHICHICASPATL II,TLALPAN,SUR PONIENTE,HP 705,0 / 8,0,0%,0,0
145_SU_TLH,COCODRILO,TLAHUAC,SUR,HP 705,20 / 40,1,0%,0,0
095_NT_AZC,COLTONGO,AZCAPOTZALCO,NORTE,HP 705,10 / 37,2,0%,0,0
160_NT_GAM,COMPOSITORES MEXICANOS,GUSTAVO A. MADERO,NORTE,DELL 5090,26 / 26,1,0%,0,0
100_IZ_IZP,CONSTITUCIÓN DE 1917,IZTAPALAPA,ORIENTE,HP 705,9 / 26,0,0%,0,0
158_PT_CUM,CONTADERO,CUAJIMALPA DE MORELOS,PONIENTE,Dell 5090,33 / 38,2,0%,0,0
019_IZ_IZP,COOPEREMOS PUEBLO,IZTAPALAPA,ORIENTE,HP 280,10 / 22,0,0%,0,0
250_CO_VCA,COPIL,VENUSTIANO CARRANZA,CENTRO,HP 705,40 / 40,4,0%,0,0
125_CO_IZT,COYUYA,IZTACALCO,CENTRO,HP 705,13 / 20,1,0%,0,0
291_PT_CUM,CUAJIMALPA,CUAJIMALPA DE MORELOS,PONIENTE,HP 705,20 / 35,0,0%,0,0
080_SP_TLP,CUCHILLA DE PADIERNA,TLALPAN,SUR PONIENTE,HP 705,8 / 29,2,0%,0,0
161_NT_GAM,CUCHILLA DEL TESORO,GUSTAVO A. MADERO,NORTE,HP 705,10 / 40,1,0%,0,0
243_SP_TLP,CUICUILCO,TLALPAN,SUR PONIENTE,DELL 5000,40 / 40,0,0%,0,0
277_SP_TLP,DAVID CERVANTES,TLALPAN,SUR PONIENTE,DELL 5000,40 / 40,0,0%,0,0
228_IZ_IZP,DESARROLLO URBANO QUETZALCÓATL,IZTAPALAPA,ORIENTE,HP 705 (14) - DELL 5000 (7),19 / 21,0,0%,0,0
242_SP_TLP,DIF MIGUEL HIDALGO,TLALPAN,SUR PONIENTE,HP 705,18 / 39,0,0%,0,0
038_SP_TLP,ECOGUARDAS,TLALPAN,SUR PONIENTE,HP 705,0 / 39,2,0%,0,0
092_NT_GAM,EJIDOS SAN JUAN DE ARAGÓN,GUSTAVO A. MADERO,NORTE,HP 705,10 / 17,0,0%,0,0
268_IZ_IZP,EJÉRCITO CONSTITUCIONALISTA,IZTAPALAPA,ORIENTE,HP 705,10 / 37,0,0%,0,0
266_IZ_IZP,EJÉRCITO DE ORIENTE,IZTAPALAPA,ORIENTE,DELL 5000,40 / 40,1,0%,0,0
294_PT_AOB,EL BOSQUE,ALVARO OBREGON,PONIENTE,DELL 5000,40 / 40,0,0%,0,0
004_PT_AOB,EL CAPULÍN,ALVARO OBREGON,PONIENTE,DELL 3060,22 / 22,0,0%,0,0
306_CO_CUH,EL HIJO DEL AHUIZOTE,COYOACAN,CENTRO,,0 / 0,0,0%,0,0
173_IZ_IZP,EL MOLINO,IZTAPALAPA,ORIENTE,HP 705,20 / 40,1,0%,0,0
138_IZ_IZP,EL MOLINO TEZONCO,IZTAPALAPA,ORIENTE,HP 705,20 / 40,1,0%,0,0
304_SP_COY,EL PARIAN,CUAUHTEMOC,SUR PONIENTE,DELL 5090 (24) / HP 705 (8),29 / 32,0,0%,0,0
084_SP_COY,EL RELOJ,COYOACAN,SUR PONIENTE,HP 705,14 / 30,0,0%,0,0
260_NT_AZC,EL ROSARIO,AZCAPOTZALCO,NORTE,DELL 5000,40 / 40,0,0%,0,0
116_NT_GAM,EL VIVERO,GUSTAVO A. MADERO,NORTE,HP 705,3 / 40,0,0%,0,0
021_SP_COY,EMILIANO ZAPATA,COYOACAN,SUR PONIENTE,HP 280,10 / 40,1,0%,0,0
088_IZ_IZP,EMILIO ROSAS,IZTAPALAPA,ORIENTE,HP 705,10 / 37,1,0%,0,0
074_IZ_IZP,ESCUADRÓN 201,IZTAPALAPA,ORIENTE,HP 705,5 / 23,0,0%,0,0
162_NT_GAM,ESTRELLA,GUSTAVO A. MADERO,NORTE,HP 705,10 / 30,0,0%,0,0
197_CO_CUH,EVANGELINA CORONA,CUAUHTEMOC,CENTRO,DELL 5090,40 / 40,0,0%,0,0
026_IZ_IZP,FACUNDO CABRAL,IZTAPALAPA,ORIENTE,HP 280,10 / 40,4,0%,0,0
156_NT_AZC,FARO AZCAPOTZALCO,AZCAPOTZALCO,NORTE,HP 705,20 / 36,1,0%,0,0
248_CO_VCA,FELIPE ÁNGELES,VENUSTIANO CARRANZA,CENTRO,,0 / 0,0,0%,0,0
213_CO_IZT,"FERNANDA ""LA CHATA"" CAMPA",IZTACALCO,CENTRO,HP 705,39 / 40,1,0%,0,0
230_SP_MAC,FERROCARRIL,LA MAGDALENA CONTRERAS,SUR PONIENTE,HP 705,10 / 26,2,0%,0,0
299_SP_TLP,FRAMBOYANES,TLALPAN,SUR PONIENTE,DELL 5090,30 / 30,0,0%,0,0
129_SP_COY,FRANCISCO J. MÚGICA,COYOACAN,SUR PONIENTE,HP 705,20 / 40,1,0%,0,0
089_CO_VCA,FRAY SERVANDO,VENUSTIANO CARRANZA,CENTRO,HP 705,10 / 17,0,0%,0,0
013_CO_CUH,FRIDA KAHLO,CUAUHTEMOC,CENTRO,HP 280 / 705(9),20 / 20,0,0%,0,0
012_IZ_IZP,GABRIELA MISTRAL,IZTAPALAPA,ORIENTE,HP 600,10 / 44,0,0%,0,0
016_SU_TLH,GARCÍA LORCA-ZAPOTITLA,TLAHUAC,SUR,HP 600,10 / 38,2,0%,0,0
163_NT_GAM,GERTRUDIS SÁNCHEZ,GUSTAVO A. MADERO,NORTE,HP 705,21 / 30,3,0%,0,0
202_NT_GAM,GIRASOL,GUSTAVO A. MADERO,NORTE,DELL 5090,30 / 30,0,0%,0,0
056_CO_CUH,GLORIETA DE LOS INSURGENTES,CUAUHTEMOC,CENTRO,HP 705,9 / 39,3,0%,0,0
222_IZ_IZP,GUELATAO,IZTAPALAPA,ORIENTE,HP 705,20 / 20,0,0%,0,0
121_PT_AOB,GÓMEZ FARÍAS,ALVARO OBREGON,PONIENTE,HP 705,5 / 24,0,0%,0,0
262_SP_COY,HUAYAMILPAS,COYOACAN,SUR PONIENTE,DELL 5090,25 / 25,0,0%,0,0
017_SP_MAC,HUAYATLA,LA MAGDALENA CONTRERAS,SUR PONIENTE,HP 280,10 / 34,0,0%,0,0
165_NT_GAM,HÉROES DE CERRO PRIETO,GUSTAVO A. MADERO,NORTE,DELL 5090,20 / 20,0,0%,0,0
042_PT_AOB,ISIDRO FABELA,ALVARO OBREGON,PONIENTE,HP 705,10 / 37,2,0%,0,0
204_NT_GAM,IXHUATEPEC,GUSTAVO A. MADERO,NORTE,DELL 5090,30 / 30,0,0%,0,0
139_IZ_IZP,IXTLAHUACÁN,IZTAPALAPA,ORIENTE,HP 705,15 / 35,3,0%,0,0
122_CO_IZT,IZTACCÍHUATL,IZTACALCO,CENTRO,HP 705,18 / 18,0,0%,0,0
283_SP_COY,JAIME AVILÉS,COYOACAN,SUR PONIENTE,DELL 5090,30 / 30,1,0%,0,0
300_SU_TLH,JAIME TORRES BODET,TLAHUAC,SUR,DELL 5090,40 / 40,1,0%,0,0
005_PT_AOB,JALALPA TEPITO,ALVARO OBREGON,PONIENTE,DELL 3060,10 / 38,1,0%,0,0
214_CO_IZT,JARDINES TECMA,IZTACALCO,CENTRO,,0 / 0,0,0%,0,0
047_SP_COY,JESUS MALDONADO (SANTA ÚRSULA),COYOACAN,SUR PONIENTE,HP 705,8 / 40,5,0%,0,0
009_CO_IZT,JOSÉ MARTÍ,IZTACALCO,CENTRO,DELL 3060,10 / 35,1,0%,0,0
269_IZ_IZP,JOSÉ REVUELTAS,IZTAPALAPA,ORIENTE,DELL 5000,40 / 40,0,0%,0,0
292_PT_AOB,JOSÉ SARAMAGO,ALVARO OBREGON,PONIENTE,DELL 5000,40 / 40,0,0%,0,0
166_NT_GAM,JOYA DE NIEVES,GUSTAVO A. MADERO,NORTE,DELL 5090,40 / 40,0,0%,0,0
232_SP_MAC,JUVENTINO ROSAS,LA MAGDALENA CONTRERAS,SUR PONIENTE,HP 705,10 / 40,3,0%,0,0
003_PT_AOB,LA ARAÑA,ALVARO OBREGON,PONIENTE,DELL 3060,30 / 35,4,0%,0,0
229_SP_MAC,LA CAÑADA,LA MAGDALENA CONTRERAS,SUR PONIENTE,HP 705,5 / 40,35,0%,0,0
189_PT_AOB,LA COMUNA,ALVARO OBREGON,PONIENTE,DELL 5000,40 / 40,0,0%,0,0
223_IZ_IZP,LA COMUNA IZTAPALAPA,IZTAPALAPA,ORIENTE,DELL 5000(28) / HP 705(12) ,30 / 40,3,0%,0,0
041_PT_AOB,LA CUESTA,ALVARO OBREGON,PONIENTE,HP 705,12 / 18,7,0%,0,0
118_CO_CUH,LA EQUIDAD,CUAUHTEMOC,CENTRO,HP 705,10 / 40,3,0%,0,0
101_SP_COY,LA ESCUELITA,COYOACAN,SUR PONIENTE,HP 705,0 / 10,0,0%,0,0
050_CO_IZT,LA FORTALEZA,IZTACALCO,CENTRO,HP 705,10 / 32,5,0%,0,0
231_SP_MAC,LA HIGUERA,LA MAGDALENA CONTRERAS,SUR PONIENTE,DELL 5090,30 / 30,1,0%,0,0
098_SP_TLP,LA JOYA,TLALPAN,SUR PONIENTE,HP 705,6 / 25,0,0%,0,0
081_SP_MAC,LA MALINCHE,LA MAGDALENA CONTRERAS,SUR PONIENTE,HP 705,6 / 20,0,0%,0,0
113_NT_GAM,LA MUELA,GUSTAVO A. MADERO,NORTE,HP 705,20 / 40,0,0%,0,0
061_NT_AZC,LA NARANJA,AZCAPOTZALCO,NORTE,HP 705,4 / 22,0,0%,0,0
157_NT_AZC,LAS SALINAS,AZCAPOTZALCO,NORTE,HP 705 (21) / HP 280 (5),5 / 26,2,0%,0,0
119_PT_AOB,LAS ÁGUILAS,ALVARO OBREGON,PONIENTE,HP 705,5 / 19,0,0%,0,0
217_IZ_IZP,LEYES DE REFORMA III SECCIÓN 2,IZTAPALAPA,ORIENTE,HP 705,38 / 38,3,0%,0,0
295_NT_GAM,LOMA LA PALMA,GUSTAVO A. MADERO,NORTE,DELL 5090,28 / 28,0,0%,0,0
190_PT_AOB,LOMAS DE BECERRA,ALVARO OBREGON,PONIENTE,DELL 5090,30 / 30,0,0%,0,0
245_SP_TLP,LOMAS DE CUILOTEPEC,TLALPAN,SUR PONIENTE,DELL 5000,25 / 25,10,0%,0,0
044_PT_AOB,LOMAS DE LA ERA,ALVARO OBREGON,PONIENTE,HP 705,10 / 38,2,0%,0,0
224_IZ_IZP,LOMAS DE LA ESTANCIA,IZTAPALAPA,ORIENTE,HP 705,35 / 40,0,0%,0,0
091_IZ_IZP,LOMAS DE ZARAGOZA,IZTAPALAPA,ORIENTE,HP 705,10 / 22,0,0%,0,0
288_IZ_IZP,LOS ÁNGELES,IZTAPALAPA,ORIENTE,DELL 5000,12 / 12,0,0%,0,0
107_NT_GAM,MAGDALENA DE LAS SALINAS,GUSTAVO A. MADERO,NORTE,HP 705,20 / 31,0,0%,0,0
205_NT_GAM,MALACATES,GUSTAVO A. MADERO,NORTE,DELL 5000,40 / 40,0,0%,0,0
297_IZ_IZP,MARCELINO BUENDÍA,IZTAPALAPA,ORIENTE,HP 705,20 / 23,0,0%,0,0
035_NT_AZC,MARGARITA MAZA DE JUÁREZ,AZCAPOTZALCO,NORTE,,0 / 0,0,0%,0,0
130_PT_AOB,MARTHA PÉREZ BEJARANO,ALVARO OBREGON,PONIENTE,HP 705,5 / 40,0,0%,0,0
206_NT_GAM,MARTÍN CARRERA,GUSTAVO A. MADERO,NORTE,DELL 5090 (30)  / HP 705 (10),39 / 40,0,0%,0,0
240_SP_TLP,METROPOLITANA,TLALPAN,SUR PONIENTE,DELL 5090,39 / 40,2,0%,0,0
259_PT_AOB,MIGUEL GAONA ARMENTA,ALVARO OBREGON,PONIENTE,HP 705,0 / 40,1,0%,0,0
085_SU_TLH,MIGUEL HIDALGO,TLAHUAC,SUR,HP 705,26 / 26,1,0%,0,0
070_SU_TLH,MIXQUIC,TLAHUAC,SUR,HP 705,10 / 26,0,0%,0,0
054_CO_BEJ,MUNICIPIO LIBRE,BENITO JUAREZ,CENTRO,HP 705,10 / 21,0,0%,0,0
086_SU_TLH,MURCIÉLAGO,TLAHUAC,SUR,HP 705,21 / 28,0,0%,0,0
251_SU_XOC,MUYUGUARDA,XOCHIMILCO,SUR,HP 705,35 / 35,1,0%,0,0
064_IZ_IZP,NOGAL,IZTAPALAPA,ORIENTE,HP 705,8 / 22,0,0%,0,0
146_SU_TLH,NOPALERA,TLAHUAC,SUR,HP 705,15 / 15,0,0%,0,0
097_NT_GAM,NUEVA ATZACOALCO,GUSTAVO A. MADERO,NORTE,HP 705,10 / 22,3,0%,0,0
105_PT_AOB,OLIVAR DEL CONDE,ALVARO OBREGON,PONIENTE,HP 705,12 / 36,0,0%,0,0
178_PT_MIH,OTHÓN SALAZAR,MIGUEL HIDALGO,PONIENTE,HP 705,5 / 35,1,0%,0,0
051_IZ_IZP,PALMITAS,IZTAPALAPA,ORIENTE,HP 705,6 / 15,0,0%,0,0
082_SP_MAC,PARCELA,LA MAGDALENA CONTRERAS,SUR PONIENTE,HP 705,9 / 26,2,0%,0,0
132_CO_CUH,PARQUE ABASOLO,CUAUHTEMOC,CENTRO,HP 705,20 / 40,0,0%,0,0
267_IZ_IZP,PARQUE CUITLÁHUAC,IZTAPALAPA,ORIENTE,DELL 5090,30 / 30,0,0%,0,0
221_IZ_IZP,PARQUE NACIONAL,IZTAPALAPA,ORIENTE,HP 705,25 / 40,0,0%,0,0
174_IZ_IZP,PARQUE PATOLLI,IZTAPALAPA,ORIENTE,HP 705,11 / 27,0,0%,0,0
186_CO_VCA,PARQUE VELÓDROMO,VENUSTIANO CARRANZA,CENTRO,HP 705,4 / 40,4,0%,0,0
045_SU_TLH,PAULO FREIRÉ,TLAHUAC,SUR,HP 705,14 / 31,2,0%,0,0
152_CO_VCA,PELÓN OSUNA,VENUSTIANO CARRANZA,CENTRO,HP 705,10 / 40,4,0%,0,0
090_PT_MIH,PENSIL,MIGUEL HIDALGO,PONIENTE,HP 705,10 / 39,1,0%,0,0
117_CO_CUH,PERÚ 88,CUAUHTEMOC,CENTRO,HP 705,20 / 40,2,0%,0,0
258_PT_AOB,PILOTO,ALVARO OBREGON,PONIENTE,DELL 5000,32 / 32,0,0%,0,0
188_PT_AOB,PLATEROS I,ALVARO OBREGON,PONIENTE,DELL 5090,30 / 30,1,0%,0,0
175_IZ_IZP,PLAZA DE LOS JÓVENES,IZTAPALAPA,ORIENTE,HP 705,10 / 40,1,0%,0,0
063_PT_AOB,PRESIDENTES,ALVARO OBREGON,PONIENTE,HP 705,0 / 33,0,0%,0,0
225_IZ_IZP,PRESIDENTES DE MÉXICO,IZTAPALAPA,ORIENTE,HP 705,20 / 40,0,0%,0,0
102_NT_AZC,PRO HOGAR,AZCAPOTZALCO,NORTE,HP 705,10 / 28,0,0%,0,0
278_CO_VCA,PROGRESISTA,VENUSTIANO CARRANZA,CENTRO,HP 705,21 / 30,1,0%,0,0
210_NT_GAM,PROGRESO NACIONAL,GUSTAVO A. MADERO,NORTE,HP 705,40 / 40,0,0%,0,0
072_IZ_IZP,PROGRESO SUR,IZTAPALAPA,ORIENTE,HP 705,5 / 20,1,0%,0,0
211_NT_GAM,PROVIDENCIA,GUSTAVO A. MADERO,NORTE,DELL 5090,30 / 30,1,0%,0,0
111_NT_GAM,PUERTO MAZATLÁN,GUSTAVO A. MADERO,NORTE,HP 705,15 / 24,0,0%,0,0
076_IZ_IZP,PURÍSIMA,IZTAPALAPA,ORIENTE,HP 705,5 / 20,2,0%,0,0
235_SU_TLH,QUETZALCÓATL,TLAHUAC,SUR,DELL 5090,40 / 40,0,0%,0,0
284_NT_GAM,RAMÓN CORONA,GUSTAVO A. MADERO,NORTE,HP 705,20 / 29,0,0%,0,0
263_CO_CUH,RATÓN MACÍAS,CUAUHTEMOC,CENTRO,DELL 5000,40 / 40,2,0%,0,0
164_NT_GAM,RAUL ALVAREZ GARIN,GUSTAVO A. MADERO,NORTE,HP 705,20 / 40,2,0%,0,0
192_NT_AZC,REAL DE SAN MARTÍN,AZCAPOTZALCO,NORTE,DELL 5000,38 / 38,0,0%,0,0
176_IZ_IZP,REFORMA POLÍTICA,IZTAPALAPA,ORIENTE,HP 705,11 / 39,2,0%,0,0
053_IZ_IZP,RENOVACIÓN,IZTAPALAPA,ORIENTE,HP 705,6 / 17,4,0%,0,0
140_IZ_IZP,REPÚBLICA FEDERAL,IZTAPALAPA,ORIENTE,HP 705,7 / 40,0,0%,0,0
167_NT_GAM,REVOLUCIÓN,GUSTAVO A. MADERO,NORTE,HP 705,28 / 40,3,0%,0,0
253_SU_XOC,RICARDO FLORES MAGÓN,XOCHIMILCO,SUR,DELL 5090,30 / 30,0,0%,0,0
001_NT_GAM,RICHARD WAGNER,GUSTAVO A. MADERO,NORTE,HP 600,0 / 33,3,0%,0,0
059_CO_IZT,ROJO GÓMEZ,IZTACALCO,CENTRO,HP 705,16 / 16,4,0%,0,0
015_SU_TLH,ROSARIO CASTELLANOS,TLAHUAC,SUR,LENOVO M700,16 / 40,0,0%,0,0
127_PT_AOB,RÍO SAN BORJA,ALVARO OBREGON,PONIENTE,HP 705,5 / 16,0,0%,0,0
071_CO_CUH,RÍO TÍBER,CUAUHTEMOC,CENTRO,HP 705,34 / 34,0,0%,0,0
207_NT_GAM,SALVADOR DÍAZ MIRÓN,GUSTAVO A. MADERO,NORTE,HP 705,28 / 28,0,0%,0,0
254_SU_XOC,SAN ANDRÉS AHUAYUCAN,XOCHIMILCO,SUR,HP 705,20 / 40,2,0%,0,0
226_IZ_IZP,SAN ANDRÉS TETEPILCO,IZTAPALAPA,ORIENTE,HP 705,20 / 40,0,0%,0,0
058_SU_MIA,SAN BARTOLOMÉ XICOMULCO,MILPA ALTA,SUR,HP 705,20 / 26,2,0%,0,0
136_NT_GAM,SAN FELIPE DE JESÚS,GUSTAVO A. MADERO,NORTE,HP 705,5 / 40,0,0%,0,0
296_NT_GAM,SAN FELIPE DE JESÚS II,GUSTAVO A. MADERO,NORTE,HP 705,20 / 33,0,0%,0,0
032_SU_XOC,SAN FRANCISCO TLALNEPANTLA,XOCHIMILCO,SUR,HP 280,0 / 28,0,0%,0,0
099_CO_CUH,SAN FRANCISCO TULTENCO,CUAUHTEMOC,CENTRO,HP 705,19 / 36,1,0%,0,0
025_SU_XOC,SAN GREGORIO ATLAPULCO,XOCHIMILCO,SUR,HP 280,10 / 40,1,0%,0,0
180_SU_MIA,SAN JERÓNIMO MIACATLAN,MILPA ALTA,SUR,HP 705,17 / 17,0,0%,0,0
275_SU_TLH,SAN JOSÉ,TLAHUAC,SUR,DELL 5090,40 / 40,0,0%,0,0
126_SU_TLH,SAN JUAN IXTAYOPAN,TLAHUAC,SUR,HP 705,10 / 36,0,0%,0,0
270_IZ_IZP,SAN JUAN JOYA,IZTAPALAPA,ORIENTE,HP 705,15 / 20,0,0%,0,0
181_SU_MIA,SAN JUAN TEPENAHUAC,MILPA ALTA,SUR,HP 705,10 / 14,0,0%,0,0
155_SU_XOC,SAN JUAN TEPEPAN,XOCHIMILCO,SUR,HP 705,10 / 38,2,0%,0,0
187_SU_XOC,SAN LORENZO ATEMOAYA,XOCHIMILCO,SUR,HP 705,10 / 20,1,0%,0,0
183_SP_TLP,SAN LORENZO HUIPULCO,TLALPAN,SUR PONIENTE,,0 / 0,0,0%,0,0
227_IZ_IZP,SAN LORENZO TEZONCO,IZTAPALAPA,ORIENTE,HP 705,18 / 40,2,0%,0,0
234_SU_MIA,SAN LORENZO TLACOYUCAN,MILPA ALTA,SUR,HP 705,34 / 40,6,0%,0,0
028_SU_XOC,SAN LUCAS XOCHIMANCA,XOCHIMILCO,SUR,HP 280,9 / 40,0,0%,0,0
083_SU_XOC,SAN LUIS TLAXIALTEMALCO,XOCHIMILCO,SUR,HP 705,10 / 34,1,0%,0,0
255_SU_XOC,SAN MARCOS,XOCHIMILCO,SUR,HP 705,29 / 31,2,0%,0,0
184_SP_TLP,SAN MIGUEL,TLALPAN,SUR PONIENTE,DELL 5090,30 / 30,0,0%,0,0
036_NT_AZC,SAN MIGUEL AMANTLA,AZCAPOTZALCO,NORTE,HP 705,9 / 31,0,0%,0,0
052_IZ_IZP,SAN MIGUEL TEOTONGO,IZTAPALAPA,ORIENTE,HP 705,8 / 33,2,0%,0,0
290_SP_TLP,SAN NICOLÁS II,TLALPAN,SUR PONIENTE,DELL 5090,20 / 20,1,0%,0,0
236_SU_TLH,SAN NICOLÁS TETELCO,TLAHUAC,SUR,DELL 5090,30 / 30,0,0%,0,0
006_PT_CUM,SAN PABLO CHIMALPA,CUAJIMALPA DE MORELOS,PONIENTE,DELL 3060,0 / 30,0,0%,0,0
179_SU_MIA,SAN PABLO OZTOTEPEC,MILPA ALTA,SUR,HP 705,10 / 36,0,0%,0,0
057_SU_MIA,SAN PEDRO ATOCPAN,MILPA ALTA,SUR,HP 705,10 / 23,0,0%,0,0
048_NT_AZC,SAN PEDRO XALPA,AZCAPOTZALCO,NORTE,HP 705,0 / 16,0,0%,0,0
023_SU_MIA,SAN SALVADOR CUAUHTENCO,MILPA ALTA,SUR,HP 280,13 / 32,0,0%,0,0
014_CO_CUH,SAN SIMÓN TOLNÁHUAC,CUAUHTEMOC,CENTRO,LENOVO 10G,10 / 25,0,0%,0,0
079_SP_COY,SANTA ANA,COYOACAN,SUR PONIENTE,HP 705,5 / 22,1,0%,0,0
185_CO_IZT,SANTA ANITA,IZTACALCO,CENTRO,HP 705,18 / 18,0,0%,0,0
237_SU_TLH,SANTA CATARINA YECAHUIZOTL,TLAHUAC,SUR,HP 705,5 / 40,0,0%,0,0
029_SU_XOC,SANTA CECILIA,XOCHIMILCO,SUR,HP 280,0 / 40,0,0%,0,0
075_IZ_IZP,SANTA CRUZ MEYEHUALCO,IZTAPALAPA,ORIENTE,HP 705,15 / 40,0,0%,0,0
257_SU_XOC,SANTA CRUZ XOCHITEPEC,XOCHIMILCO,SUR,DELL 5090,28 / 28,0,0%,0,0
040_PT_AOB,SANTA FE,ALVARO OBREGON,PONIENTE,HP 705,10 / 35,0,0%,0,0
067_PT_AOB,SANTA LUCÍA,ALVARO OBREGON,PONIENTE,HP 705,10 / 19,0,0%,0,0
216_IZ_IZP,SANTA MARÍA AZTAHUACÁN II,IZTAPALAPA,ORIENTE,HP 705,40 / 40,2,0%,0,0
209_NT_GAM,SANTA MARÍA TICOMÁN,GUSTAVO A. MADERO,NORTE,HP 705,28 / 30,2,0%,0,0
220_IZ_IZP,SANTA MARÍA TOMATLÁN,IZTAPALAPA,ORIENTE,HP 705,30 / 40,2,0%,0,0
282_PT_AOB,SANTA ROSA,ALVARO OBREGON,PONIENTE,,40 / 40,1,0%,0,0
030_SU_XOC,SANTIAGO TEPALCATLALPAN,XOCHIMILCO,SUR,HP 280,10 / 40,0,0%,0,0
033_SU_XOC,SANTIAGO TULYEHUALCO,XOCHIMILCO,SUR,HP 280,20 / 25,1,0%,0,0
238_SU_TLH,SELENE,TLAHUAC,SUR,HP 705,10 / 40,1,0%,0,0
133_CO_CUH,SEPI,CUAUHTEMOC,CENTRO,HP 705,13 / 13,1,0%,0,0
170_NT_GAM,TABLAS DE SAN AGUSTÍN,GUSTAVO A. MADERO,NORTE,HP 705,8 / 25,0,0%,0,0
289_PT_MIH,TACUBAYA,MIGUEL HIDALGO,PONIENTE,DELL 5090,37 / 37,0,0%,0,0
096_SP_COY,TAXQUEÑA,COYOACAN,SUR PONIENTE,HP 705,15 / 40,2,0%,0,0
112_IZ_IZP,TEPALCATES,IZTAPALAPA,ORIENTE,HP 705,28 / 40,0,0%,0,0
194_NT_AZC,TEPANTONGO,AZCAPOTZALCO,NORTE,DELL 5000,40 / 40,0,0%,0,0
246_SP_TLP,TEPEXIMILPA,TLALPAN,SUR PONIENTE,DELL 5000,29 / 29,0,0%,0,0
279_CO_VCA,TEPITO MORELOS,VENUSTIANO CARRANZA,CENTRO,DELL 5090,40 / 40,0,0%,0,0
065_IZ_IZP,TETECÓN,IZTAPALAPA,ORIENTE,HP 705,6 / 30,0,0%,0,0
137_CO_IZT,TEZONTLE,IZTACALCO,CENTRO,HP 705,30 / 30,2,0%,0,0
239_SU_TLH,TIERRA BLANCA,TLAHUAC,SUR,HP 705,20 / 40,0,0%,0,0
141_IZ_IZP,TIERRA Y LIBERTAD,IZTAPALAPA,ORIENTE,HP 705,10 / 40,2,0%,0,0
203_NT_GAM,TIXTLA,GUSTAVO A. MADERO,NORTE,HP 705,19 / 40,0,0%,0,0
039_SP_TLP,TIZIMÍN,TLALPAN,SUR PONIENTE,HP 705,10 / 27,0,0%,0,0
143_PT_MIH,TLACOPAN,MIGUEL HIDALGO,PONIENTE,HP 705,20 / 40,0,0%,0,0
244_SP_TLP,TLALCOLIGIA,TLALPAN,SUR PONIENTE,DELL 5000,40 / 40,5,0%,0,0
008_NT_GAM,TLALPEXCO,GUSTAVO A. MADERO,NORTE,DELL 3060,10 / 21,0,0%,0,0
110_SU_TLH,TLALTENCO,TLAHUAC,SUR,HP 705,25 / 25,0,0%,0,0
301_CO_IZT,TLÁLOC,IZTACALCO,CENTRO,DELL 5090(9) HP 705(10),10 / 19,2,0%,0,0
171_NT_GAM,TOKIO,GUSTAVO A. MADERO,NORTE,HP 705,10 / 25,1,0%,0,0
293_PT_AOB,TOLTECAS,ALVARO OBREGON,PONIENTE,DELL 5000,39 / 39,1,0%,0,0
150_SP_TLP,TOPILEJO,TLALPAN,SUR PONIENTE,HP 705,15 / 35,3,0%,0,0
106_SP_COY,TOPILTZIN,COYOACAN,SUR PONIENTE,HP 705,10 / 23,0,0%,0,0
172_NT_GAM,TRES ESTRELLAS,GUSTAVO A. MADERO,NORTE,HP 705,20 / 30,2,0%,0,0
195_CO_BEJ,VALENTÍN GÓMEZ FARÍAS,BENITO JUAREZ,CENTRO,DELL 5090,30 / 30,0,0%,0,0
142_IZ_IZP,VALLE DE LUCES,IZTAPALAPA,ORIENTE,HP 705,10 / 40,0,0%,0,0
135_NT_GAM,VASCO DE QUIROGA,GUSTAVO A. MADERO,NORTE,HP 705,5 / 40,1,0%,0,0
094_CO_VCA,VIADUCTO,VENUSTIANO CARRANZA,CENTRO,HP 705,18 / 24,0,0%,0,0
271_IZ_IZP,VICENTE GUERRERO,IZTAPALAPA,ORIENTE,DELL 5090,40 / 40,3,0%,0,0
066_IZ_IZP,VILLA CID,IZTAPALAPA,ORIENTE,HP 705,15 / 32,1,0%,0,0
212_NT_GAM,VILLA DE ARAGÓN,GUSTAVO A. MADERO,NORTE,HP 705,39 / 39,8,0%,0,0
046_SP_COY,VILLA PANAMERICANA,COYOACAN,SUR PONIENTE,HP 705,0 / 31,5,0%,0,0
193_NT_AZC,VIRGILIO CABALLERO,AZCAPOTZALCO,NORTE,DELL 5090,29 / 30,1,0%,0,0
256_IZ_IZP,VIVERO NEZAHUALCÓYOTL,XOCHIMILCO,ORIENTE,DELL 5000,40 / 40,1,0%,0,0
002_NT_AZC,XALLI,AZCAPOTZALCO,NORTE,DELL 3060,10 / 24,0,0%,0,0
049_SU_MIA,XALTIPAC,MILPA ALTA,SUR,HP 705,10 / 25,0,0%,0,0
062_NT_AZC,XOCHINAHUAC,AZCAPOTZALCO,NORTE,HP 705 (27) / DELL 5000 (2),5 / 29,3,0%,0,0
068_IZ_IZP,YAUTLICA,IZTAPALAPA,ORIENTE,HP 705,10 / 40,5,0%,0,0
272_IZ_IZP,ZACATEPEC,IZTAPALAPA,ORIENTE,HP 705,10 / 40,1,0%,0,0
031_CO_IZT,ZAPATA VELA,IZTACALCO,CENTRO,HP 705,10 / 40,0,0%,0,0
109_PT_CUM,ZENTLAPATL,CUAJIMALPA DE MORELOS,PONIENTE,HP 705,10 / 24,0,0%,0,0
034_CO_CUH,ZONA ROSA,CUAUHTEMOC,CENTRO,HP 705,10 / 34,0,0%,0,0
287_IZ_IZP,ÁLVARO OBREGÓN,IZTAPALAPA,ORIENTE,DELL 5000,40 / 40,5,0%,0,0
043_PT_AOB,ÁRBOL DEL CONOCIMIENTO,ALVARO OBREGON,PONIENTE,HP 705,10 / 37,0,0%,0,0
